{"assets":{"2B12D31709BB286C09481B87E0481FB0":{"type":"texture","index":0,"assetRequest":{"type":"slide","state":"contents","slide":"none"},"url":{"native":"assets\/5F1A13C5-15FF-4E9A-A7C2-A89410ADACC2.pdf"},"width":1920,"height":1080},"559820904CA88E8ECA6C66E9528DB350":{"type":"texture","index":1,"assetRequest":{"type":"slide","state":"contents","slide":"none"},"url":{"native":"assets\/5F1A13C5-15FF-4E9A-A7C2-A89410ADACC2.pdf"},"width":1920,"height":1080}},"events":[{"effects":[{"beginTime":0,"baseLayer":{"animations":[],"initialState":{"affineTransform":[1,0,0,1,0,0],"masksToBounds":false,"rotation":0,"scale":1,"position":{"pointX":960,"pointY":540},"width":1920,"sublayerTransform":[1,0,0,0,0,1,0,0,0,0,1,0,0,0,0,1],"contentsRect":{"y":0,"x":0,"width":1,"height":1},"opacity":1,"edgeAntialiasingMask":251658240,"height":1080,"hidden":false,"anchorPoint":{"pointX":0.5,"pointY":0.5}},"objectID":"0","layers":[{"animations":[],"initialState":{"affineTransform":[1,0,0,1,0,0],"masksToBounds":false,"rotation":0,"scale":1,"position":{"pointX":960,"pointY":540},"width":1920,"sublayerTransform":[1,0,0,0,0,1,0,0,0,0,1,-0.00035007912466775983,0,0,0,1],"contentsRect":{"y":0,"x":0,"width":1,"height":1},"opacity":1,"edgeAntialiasingMask":251658240,"height":1080,"hidden":false,"anchorPoint":{"pointX":0.5,"pointY":0.5}},"layers":[{"animations":[],"layers":[],"texturedRectangle":{"isBackgroundTexture":false,"singleTextureOpacity":1,"textureType":0,"textBaseline":0,"textXHeight":0,"isVerticalText":false},"initialState":{"affineTransform":[1,0,0,1,0,0],"masksToBounds":false,"rotation":0,"scale":1,"position":{"pointX":960,"pointY":540},"width":1920,"sublayerTransform":[1,0,0,0,0,1,0,0,0,0,1,0,0,0,0,1],"contentsRect":{"y":0,"x":0,"width":1,"height":1},"opacity":1,"edgeAntialiasingMask":0,"height":1080,"hidden":false,"anchorPoint":{"pointX":0.5,"pointY":0.5}},"texture":"559820904CA88E8ECA6C66E9528DB350"},{"animations":[{"additive":false,"timeOffset":0,"beginTime":0,"from":{"scalar":false},"repeatCount":0,"fillMode":"both","duration":0.01,"autoreverses":false,"property":"hidden","to":{"scalar":true},"removedOnCompletion":false}],"layers":[],"texturedRectangle":{"isBackgroundTexture":false,"singleTextureOpacity":1,"textureType":0,"textBaseline":0,"textXHeight":0,"isVerticalText":false},"initialState":{"affineTransform":[1,0,0,1,0,0],"masksToBounds":false,"rotation":0,"scale":1,"position":{"pointX":960,"pointY":540},"width":1920,"sublayerTransform":[1,0,0,0,0,1,0,0,0,0,1,0,0,0,0,1],"contentsRect":{"y":0,"x":0,"width":1,"height":1},"opacity":1,"edgeAntialiasingMask":0,"height":1080,"hidden":false,"anchorPoint":{"pointX":0.5,"pointY":0.5}},"texture":"2B12D31709BB286C09481B87E0481FB0"}]}]},"effects":[],"duration":0.01,"type":"transition","attributes":{"direction":0},"name":"none","objectID":"0"}],"automaticPlay":false,"hyperlinks":[{"url":"mailto:gaetan.bloch@gbloch.io","targetRectangle":{"y":473.47567956502314,"x":143.15999984409416,"width":474.54335999999989,"height":92.163526141643501}},{"url":"https:\/\/github.com\/gaetanbloch","targetRectangle":{"y":561.79932656668245,"x":143.15999984409416,"width":624.95231999999987,"height":92.163526141643501}},{"url":"https:\/\/gbloch.tech","targetRectangle":{"y":650.12297356834165,"x":143.15999984409416,"width":375.44831999999985,"height":92.163526141643615}},{"url":"https:\/\/www.linkedin.com\/in\/gaetanbloch","targetRectangle":{"y":738.44662057000096,"x":143.15999984409416,"width":811.26336000000003,"height":92.163526141643615}},{"url":"https:\/\/twitter.com\/bloch_gaetan","targetRectangle":{"y":826.77026757166027,"x":143.15999984409416,"width":642.04223999999999,"height":92.163526141643501}}],"accessibility":[{"text":"","targetRectangle":{"y":774.35235462226615,"x":1003.7959120278335,"width":56,"height":64}},{"text":"","targetRectangle":{"y":687.877352356762,"x":554.56066724652214,"width":62,"height":64}},{"text":"","targetRectangle":{"y":869.57515842445309,"x":831.15432405566662,"width":64,"height":64}},{"text":"Tech Lead & Solution Architect @Eole Consulting","targetRectangle":{"y":338.22838631272316,"x":143.15999984409416,"width":962.86464000000012,"height":50.763525390624977}},{"text":"Several professional and personal projects with French Government","targetRectangle":{"y":385.15203256336389,"x":191.15999984409416,"width":1337.2089599999999,"height":92.163526141643558}},{"text":"gaetan.bloch@gbloch.io ","targetRectangle":{"y":473.47567956502314,"x":143.15999984409416,"width":486.81983999999989,"height":92.163526141643501}},{"text":"https:\/\/github.com\/gaetanbloch ","targetRectangle":{"y":561.79932656668245,"x":143.15999984409416,"width":637.22879999999986,"height":92.163526141643501}},{"text":"https:\/\/gbloch.tech","targetRectangle":{"y":650.12297356834165,"x":143.15999984409416,"width":375.44831999999985,"height":92.163526141643615}},{"text":"https:\/\/www.linkedin.com\/in\/gaetanbloch ","targetRectangle":{"y":738.44662057000096,"x":143.15999984409416,"width":823.53984000000003,"height":92.163526141643615}},{"text":"https:\/\/twitter.com\/bloch_gaetan ","targetRectangle":{"y":826.77026757166027,"x":143.15999984409416,"width":654.31871999999998,"height":92.163526141643501}},{"text":"images.png","targetRectangle":{"y":14.753276824951172,"x":1817.3704833984375,"width":84.045158386230469,"height":84.045158386230469}},{"text":"avataaars (5).png","targetRectangle":{"y":551.01531436381708,"x":1298.7917650347906,"width":363.0073547363279,"height":385.0078125}},{"text":"Software Engineer","targetRectangle":{"y":180.29768896102905,"x":98.599999904632568,"width":483.77999999999997,"height":66.404617309570312}},{"text":"unnamed.png","targetRectangle":{"y":265.29591202783234,"x":1199.9600832504973,"width":206.19172668457031,"height":117.52928161621094}},{"text":"Just a bit about me","targetRectangle":{"y":79,"x":99,"width":746.81000072196116,"height":100.53440856933594}},{"text":"","targetRectangle":{"y":605.44152273856798,"x":809.33134008449463,"width":62,"height":64}},{"text":"￼","targetRectangle":{"y":1033.9999701976776,"x":954.50399528803246,"width":10.008000000000038,"height":21.496002197265625}},{"text":"jb8Xhawb_400x400.jpg","targetRectangle":{"y":-1.2021259493666587,"x":12.328792356824355,"width":93.973739624023423,"height":93.973739624023423}},{"text":"","targetRectangle":{"y":507.99999850407676,"x":660.07998881709693,"width":64,"height":64}},{"text":"Screenshot 2021-06-16 at 17.21.00.png","targetRectangle":{"y":996.1966327037776,"x":1719.0012736083431,"width":194.35443115234375,"height":84.045158386230469}}],"baseLayer":{"animations":[],"initialState":{"affineTransform":[1,0,0,1,0,0],"masksToBounds":false,"rotation":0,"scale":1,"position":{"pointX":960,"pointY":540},"width":1920,"sublayerTransform":[1,0,0,0,0,1,0,0,0,0,1,0,0,0,0,1],"contentsRect":{"y":0,"x":0,"width":1,"height":1},"opacity":1,"edgeAntialiasingMask":251658240,"height":1080,"hidden":false,"anchorPoint":{"pointX":0.5,"pointY":0.5}},"objectID":"0","layers":[{"animations":[],"initialState":{"affineTransform":[1,0,0,1,0,0],"masksToBounds":false,"rotation":0,"scale":1,"position":{"pointX":960,"pointY":540},"width":1920,"sublayerTransform":[1,0,0,0,0,1,0,0,0,0,1,-0.00035007912466775983,0,0,0,1],"contentsRect":{"y":0,"x":0,"width":1,"height":1},"opacity":1,"edgeAntialiasingMask":251658240,"height":1080,"hidden":false,"anchorPoint":{"pointX":0.5,"pointY":0.5}},"layers":[{"animations":[],"layers":[],"texturedRectangle":{"isBackgroundTexture":false,"singleTextureOpacity":1,"textureType":0,"textBaseline":0,"textXHeight":0,"isVerticalText":false},"initialState":{"affineTransform":[1,0,0,1,0,0],"masksToBounds":false,"rotation":0,"scale":1,"position":{"pointX":960,"pointY":540},"width":1920,"sublayerTransform":[1,0,0,0,0,1,0,0,0,0,1,0,0,0,0,1],"contentsRect":{"y":0,"x":0,"width":1,"height":1},"opacity":1,"edgeAntialiasingMask":0,"height":1080,"hidden":false,"anchorPoint":{"pointX":0.5,"pointY":0.5}},"texture":"2B12D31709BB286C09481B87E0481FB0"}]}]}}]}