{"assets":{"F4D56514E3CD202BE3EFDB50243A87D5":{"type":"texture","index":0,"assetRequest":{"type":"slide","state":"contents","slide":"none"},"url":{"native":"assets\/5AE3A60C-0A65-43C3-A1B0-F91D7721733C.pdf"},"width":1920,"height":1080},"60FFCD228A9FAEB6C3EB63B58AC86676":{"type":"texture","index":1,"assetRequest":{"type":"slide","state":"contents","slide":"none"},"url":{"native":"assets\/5AE3A60C-0A65-43C3-A1B0-F91D7721733C.pdf"},"width":1920,"height":1080}},"events":[{"effects":[{"beginTime":0,"baseLayer":{"animations":[],"initialState":{"affineTransform":[1,0,0,1,0,0],"masksToBounds":false,"rotation":0,"scale":1,"position":{"pointX":960,"pointY":540},"width":1920,"sublayerTransform":[1,0,0,0,0,1,0,0,0,0,1,0,0,0,0,1],"contentsRect":{"y":0,"x":0,"width":1,"height":1},"opacity":1,"edgeAntialiasingMask":251658240,"height":1080,"hidden":false,"anchorPoint":{"pointX":0.5,"pointY":0.5}},"objectID":"0","layers":[{"animations":[],"initialState":{"affineTransform":[1,0,0,1,0,0],"masksToBounds":false,"rotation":0,"scale":1,"position":{"pointX":960,"pointY":540},"width":1920,"sublayerTransform":[1,0,0,0,0,1,0,0,0,0,1,-0.00035007912466775983,0,0,0,1],"contentsRect":{"y":0,"x":0,"width":1,"height":1},"opacity":1,"edgeAntialiasingMask":251658240,"height":1080,"hidden":false,"anchorPoint":{"pointX":0.5,"pointY":0.5}},"layers":[{"animations":[],"layers":[],"texturedRectangle":{"isBackgroundTexture":false,"singleTextureOpacity":1,"textureType":0,"textBaseline":0,"textXHeight":0,"isVerticalText":false},"initialState":{"affineTransform":[1,0,0,1,0,0],"masksToBounds":false,"rotation":0,"scale":1,"position":{"pointX":960,"pointY":540},"width":1920,"sublayerTransform":[1,0,0,0,0,1,0,0,0,0,1,0,0,0,0,1],"contentsRect":{"y":0,"x":0,"width":1,"height":1},"opacity":1,"edgeAntialiasingMask":0,"height":1080,"hidden":false,"anchorPoint":{"pointX":0.5,"pointY":0.5}},"texture":"60FFCD228A9FAEB6C3EB63B58AC86676"},{"animations":[{"additive":false,"timeOffset":0,"beginTime":0,"from":{"scalar":false},"repeatCount":0,"fillMode":"both","duration":0.01,"autoreverses":false,"property":"hidden","to":{"scalar":true},"removedOnCompletion":false}],"layers":[],"texturedRectangle":{"isBackgroundTexture":false,"singleTextureOpacity":1,"textureType":0,"textBaseline":0,"textXHeight":0,"isVerticalText":false},"initialState":{"affineTransform":[1,0,0,1,0,0],"masksToBounds":false,"rotation":0,"scale":1,"position":{"pointX":960,"pointY":540},"width":1920,"sublayerTransform":[1,0,0,0,0,1,0,0,0,0,1,0,0,0,0,1],"contentsRect":{"y":0,"x":0,"width":1,"height":1},"opacity":1,"edgeAntialiasingMask":0,"height":1080,"hidden":false,"anchorPoint":{"pointX":0.5,"pointY":0.5}},"texture":"F4D56514E3CD202BE3EFDB50243A87D5"}]}]},"effects":[],"duration":0.01,"type":"transition","attributes":{"direction":0},"name":"none","objectID":"0"}],"automaticPlay":false,"hyperlinks":[{"url":"https:\/\/www.jhipster.tech\/companies-using-jhipster\/","targetRectangle":{"y":68.726116809882811,"x":681.98399673628774,"width":556.0319999999997,"height":28.3280029296875}},{"url":"https:\/\/dev.entando.org\/jhipster","targetRectangle":{"y":884.84806479492966,"x":708.01758481050683,"width":455.25,"height":30.462916324536877}},{"url":"https:\/\/opencollective.com\/generator-jhipster\/donate","targetRectangle":{"y":973.75404194501004,"x":651.77458144292018,"width":566.7360000000001,"height":28.3280029296875}},{"url":"http:\/\/www.octoconsulting.com\/","targetRectangle":{"y":872.12440674323977,"x":333.75755015123298,"width":258.375,"height":30.462916324536877}},{"url":"https:\/\/www.datastax.com\/","targetRectangle":{"y":867.84806289609344,"x":1251.3901284342928,"width":386.71875,"height":64.462916324536877}}],"accessibility":[{"text":"datastax.png","targetRectangle":{"y":662.72002775223541,"x":1331.3552280069578,"width":180,"height":175}},{"text":"octoconsulting.png","targetRectangle":{"y":648.4416692967917,"x":358.2587288767395,"width":209.37263488769531,"height":203.55671691894531}},{"text":"https:\/\/www.jhipster.tech\/companies-using-jhipster\/ ","targetRectangle":{"y":68.726116809882811,"x":681.98399673628774,"width":562.70399999999972,"height":28.3280029296875}},{"text":"Micro Frontend Platform for Kubernetes","targetRectangle":{"y":884.84806479492966,"x":708.01758481050683,"width":455.25,"height":30.462916324536877}},{"text":"images.png","targetRectangle":{"y":14.753276824951172,"x":1817.3704833984375,"width":84.045158386230469,"height":84.045158386230469}},{"text":"okta.png","targetRectangle":{"y":204.65159045725642,"x":539.91329114621965,"width":816.29473876953136,"height":275.31393432617188}},{"text":"https:\/\/opencollective.com\/generator-jhipster\/donate ","targetRectangle":{"y":973.75404194501004,"x":651.77458144292018,"width":573.40800000000013,"height":28.3280029296875}},{"text":"Sponsors","targetRectangle":{"y":79,"x":99,"width":372.13000030398371,"height":100.53440856933594}},{"text":"jb8Xhawb_400x400.jpg","targetRectangle":{"y":-1.2021259493666587,"x":12.328792356824355,"width":93.973739624023423,"height":93.973739624023423}},{"text":"Octo Consulting Group","targetRectangle":{"y":872.12440674323977,"x":333.75755015123298,"width":258.375,"height":30.462916324536877}},{"text":"￼","targetRectangle":{"y":1033.9999701976776,"x":954.50399528803246,"width":10.008000000000038,"height":21.496002197265625}},{"text":"entandoe.png","targetRectangle":{"y":614.60393886679913,"x":789.48434393638206,"width":278.98165893554699,"height":271.232177734375}},{"text":"DataStax is the open, multi-cloud stack for modern data apps.","targetRectangle":{"y":867.84806289609344,"x":1251.3901284342928,"width":386.71875,"height":64.462916324536877}},{"text":"Screenshot 2021-06-16 at 17.21.00.png","targetRectangle":{"y":996.1966327037776,"x":1719.0012736083431,"width":194.35443115234375,"height":84.045158386230469}}],"baseLayer":{"animations":[],"initialState":{"affineTransform":[1,0,0,1,0,0],"masksToBounds":false,"rotation":0,"scale":1,"position":{"pointX":960,"pointY":540},"width":1920,"sublayerTransform":[1,0,0,0,0,1,0,0,0,0,1,0,0,0,0,1],"contentsRect":{"y":0,"x":0,"width":1,"height":1},"opacity":1,"edgeAntialiasingMask":251658240,"height":1080,"hidden":false,"anchorPoint":{"pointX":0.5,"pointY":0.5}},"objectID":"0","layers":[{"animations":[],"initialState":{"affineTransform":[1,0,0,1,0,0],"masksToBounds":false,"rotation":0,"scale":1,"position":{"pointX":960,"pointY":540},"width":1920,"sublayerTransform":[1,0,0,0,0,1,0,0,0,0,1,-0.00035007912466775983,0,0,0,1],"contentsRect":{"y":0,"x":0,"width":1,"height":1},"opacity":1,"edgeAntialiasingMask":251658240,"height":1080,"hidden":false,"anchorPoint":{"pointX":0.5,"pointY":0.5}},"layers":[{"animations":[],"layers":[],"texturedRectangle":{"isBackgroundTexture":false,"singleTextureOpacity":1,"textureType":0,"textBaseline":0,"textXHeight":0,"isVerticalText":false},"initialState":{"affineTransform":[1,0,0,1,0,0],"masksToBounds":false,"rotation":0,"scale":1,"position":{"pointX":960,"pointY":540},"width":1920,"sublayerTransform":[1,0,0,0,0,1,0,0,0,0,1,0,0,0,0,1],"contentsRect":{"y":0,"x":0,"width":1,"height":1},"opacity":1,"edgeAntialiasingMask":0,"height":1080,"hidden":false,"anchorPoint":{"pointX":0.5,"pointY":0.5}},"texture":"F4D56514E3CD202BE3EFDB50243A87D5"}]}]}}]}