{"assets":{"559820904CA88E8ECA6C66E9528DB350":{"type":"texture","index":0,"assetRequest":{"type":"slide","state":"contents","slide":"none"},"url":{"native":"assets\/CF590689-D64C-44B7-AF52-E51209948725.pdf"},"width":1920,"height":1080},"91E5A28E8315031B6FA4EA4C8F2BB5A9":{"type":"texture","index":1,"assetRequest":{"type":"slide","state":"contents","slide":"none"},"url":{"native":"assets\/CF590689-D64C-44B7-AF52-E51209948725.pdf"},"width":1920,"height":1080}},"events":[{"effects":[{"beginTime":0,"baseLayer":{"animations":[],"initialState":{"affineTransform":[1,0,0,1,0,0],"masksToBounds":false,"rotation":0,"scale":1,"position":{"pointX":960,"pointY":540},"width":1920,"sublayerTransform":[1,0,0,0,0,1,0,0,0,0,1,0,0,0,0,1],"contentsRect":{"y":0,"x":0,"width":1,"height":1},"opacity":1,"edgeAntialiasingMask":251658240,"height":1080,"hidden":false,"anchorPoint":{"pointX":0.5,"pointY":0.5}},"objectID":"0","layers":[{"animations":[],"initialState":{"affineTransform":[1,0,0,1,0,0],"masksToBounds":false,"rotation":0,"scale":1,"position":{"pointX":960,"pointY":540},"width":1920,"sublayerTransform":[1,0,0,0,0,1,0,0,0,0,1,-0.00035007912466775983,0,0,0,1],"contentsRect":{"y":0,"x":0,"width":1,"height":1},"opacity":1,"edgeAntialiasingMask":251658240,"height":1080,"hidden":false,"anchorPoint":{"pointX":0.5,"pointY":0.5}},"layers":[{"animations":[],"layers":[],"texturedRectangle":{"isBackgroundTexture":false,"singleTextureOpacity":1,"textureType":0,"textBaseline":0,"textXHeight":0,"isVerticalText":false},"initialState":{"affineTransform":[1,0,0,1,0,0],"masksToBounds":false,"rotation":0,"scale":1,"position":{"pointX":960,"pointY":540},"width":1920,"sublayerTransform":[1,0,0,0,0,1,0,0,0,0,1,0,0,0,0,1],"contentsRect":{"y":0,"x":0,"width":1,"height":1},"opacity":1,"edgeAntialiasingMask":0,"height":1080,"hidden":false,"anchorPoint":{"pointX":0.5,"pointY":0.5}},"texture":"91E5A28E8315031B6FA4EA4C8F2BB5A9"},{"animations":[{"additive":false,"timeOffset":0,"beginTime":0,"from":{"scalar":false},"repeatCount":0,"fillMode":"both","duration":0.01,"autoreverses":false,"property":"hidden","to":{"scalar":true},"removedOnCompletion":false}],"layers":[],"texturedRectangle":{"isBackgroundTexture":false,"singleTextureOpacity":1,"textureType":0,"textBaseline":0,"textXHeight":0,"isVerticalText":false},"initialState":{"affineTransform":[1,0,0,1,0,0],"masksToBounds":false,"rotation":0,"scale":1,"position":{"pointX":960,"pointY":540},"width":1920,"sublayerTransform":[1,0,0,0,0,1,0,0,0,0,1,0,0,0,0,1],"contentsRect":{"y":0,"x":0,"width":1,"height":1},"opacity":1,"edgeAntialiasingMask":0,"height":1080,"hidden":false,"anchorPoint":{"pointX":0.5,"pointY":0.5}},"texture":"559820904CA88E8ECA6C66E9528DB350"}]}]},"effects":[],"duration":0.01,"type":"transition","attributes":{"direction":0},"name":"none","objectID":"0"}],"automaticPlay":false,"hyperlinks":[{"url":"https:\/\/github.com\/jhipster\/generator-jhipster","targetRectangle":{"y":486.39671975822421,"x":147,"width":966.38400000000001,"height":100.656005859375}},{"url":"https:\/\/www.jhipster.tech\/team\/","targetRectangle":{"y":582.83111784534412,"x":147,"width":534.19200000000001,"height":100.656005859375}},{"url":"https:\/\/www.youtube.com\/c\/JHipsterDevelopersAssociation","targetRectangle":{"y":679.26551593246404,"x":147,"width":1284.4319999999998,"height":100.656005859375}},{"url":"https:\/\/www.jhipster.tech\/presentation\/","targetRectangle":{"y":775.69991401958396,"x":147,"width":832.89599999999996,"height":100.656005859375}}],"accessibility":[{"text":"jb8Xhawb_400x400.jpg","targetRectangle":{"y":-1.2021259493666587,"x":12.328792356824355,"width":93.973739624023423,"height":93.973739624023423}},{"text":"Code Generator","targetRectangle":{"y":180.44745779037476,"x":98.599999904632568,"width":419.64999999999998,"height":66.404617309570312}},{"text":"About JHipster","targetRectangle":{"y":79,"x":99,"width":583.7800005319715,"height":100.53440856933594}},{"text":"Screenshot 2021-06-16 at 17.21.00.png","targetRectangle":{"y":996.1966327037776,"x":1719.0012736083431,"width":194.35443115234375,"height":84.045158386230469}},{"text":"images.png","targetRectangle":{"y":14.753276824951172,"x":1817.3704833984375,"width":84.045158386230469,"height":84.045158386230469}},{"text":"Cross-platform Java-based Web application framework","targetRectangle":{"y":338.52792358398438,"x":147,"width":1186.752,"height":55.656005859375}},{"text":"Initiated by Julien Dubois in 2013","targetRectangle":{"y":389.96232167110429,"x":147,"width":710.49599999999998,"height":100.656005859375}},{"text":"https:\/\/github.com\/jhipster\/generator-jhipster ","targetRectangle":{"y":486.39671975822421,"x":147,"width":979.72800000000007,"height":100.656005859375}},{"text":"https:\/\/www.jhipster.tech ","targetRectangle":{"y":582.83111784534412,"x":147,"width":547.53600000000006,"height":100.656005859375}},{"text":"https:\/\/www.youtube.com\/c\/JHipsterDevelopersAssociation ","targetRectangle":{"y":679.26551593246404,"x":147,"width":1297.7759999999998,"height":100.656005859375}},{"text":"https:\/\/www.jhipster.tech\/presentation\/ ","targetRectangle":{"y":775.69991401958396,"x":147,"width":846.24000000000001,"height":100.656005859375}},{"text":"￼","targetRectangle":{"y":1033.9999701976776,"x":954.50399528803246,"width":10.008000000000038,"height":21.496002197265625}}],"baseLayer":{"animations":[],"initialState":{"affineTransform":[1,0,0,1,0,0],"masksToBounds":false,"rotation":0,"scale":1,"position":{"pointX":960,"pointY":540},"width":1920,"sublayerTransform":[1,0,0,0,0,1,0,0,0,0,1,0,0,0,0,1],"contentsRect":{"y":0,"x":0,"width":1,"height":1},"opacity":1,"edgeAntialiasingMask":251658240,"height":1080,"hidden":false,"anchorPoint":{"pointX":0.5,"pointY":0.5}},"objectID":"0","layers":[{"animations":[],"initialState":{"affineTransform":[1,0,0,1,0,0],"masksToBounds":false,"rotation":0,"scale":1,"position":{"pointX":960,"pointY":540},"width":1920,"sublayerTransform":[1,0,0,0,0,1,0,0,0,0,1,-0.00035007912466775983,0,0,0,1],"contentsRect":{"y":0,"x":0,"width":1,"height":1},"opacity":1,"edgeAntialiasingMask":251658240,"height":1080,"hidden":false,"anchorPoint":{"pointX":0.5,"pointY":0.5}},"layers":[{"animations":[],"layers":[],"texturedRectangle":{"isBackgroundTexture":false,"singleTextureOpacity":1,"textureType":0,"textBaseline":0,"textXHeight":0,"isVerticalText":false},"initialState":{"affineTransform":[1,0,0,1,0,0],"masksToBounds":false,"rotation":0,"scale":1,"position":{"pointX":960,"pointY":540},"width":1920,"sublayerTransform":[1,0,0,0,0,1,0,0,0,0,1,0,0,0,0,1],"contentsRect":{"y":0,"x":0,"width":1,"height":1},"opacity":1,"edgeAntialiasingMask":0,"height":1080,"hidden":false,"anchorPoint":{"pointX":0.5,"pointY":0.5}},"texture":"559820904CA88E8ECA6C66E9528DB350"}]}]}}]}